,Date,Volume,Open,High,Low,Close,Dividends,Stock Splits
0,2025-07-31 09:30:00-04:00,56,25.84000015258789,25.84000015258789,25.84000015258789,25.84000015258789,0.0,0.0
1,2025-07-31 09:55:00-04:00,237,25.8700008392334,25.8700008392334,25.8700008392334,25.8700008392334,0.0,0.0
2,2025-07-31 10:12:00-04:00,500,25.920000076293945,25.920000076293945,25.920000076293945,25.920000076293945,0.0,0.0
3,2025-07-31 10:13:00-04:00,236,25.90999984741211,25.90999984741211,25.90999984741211,25.90999984741211,0.0,0.0
4,2025-07-31 10:24:00-04:00,291,25.889999389648438,25.889999389648438,25.889999389648438,25.889999389648438,0.0,0.0
5,2025-07-31 10:35:00-04:00,907,25.92460060119629,25.92460060119629,25.92460060119629,25.92460060119629,0.0,0.0
6,2025-07-31 10:37:00-04:00,100,25.889999389648438,25.889999389648438,25.889999389648438,25.889999389648438,0.0,0.0
7,2025-07-31 10:38:00-04:00,212,25.889999389648438,25.889999389648438,25.889999389648438,25.889999389648438,0.0,0.0
8,2025-07-31 10:44:00-04:00,300,25.8700008392334,25.8700008392334,25.8700008392334,25.8700008392334,0.0,0.0
9,2025-07-31 10:45:00-04:00,200,25.8700008392334,25.8700008392334,25.8700008392334,25.8700008392334,0.0,0.0
10,2025-07-31 10:46:00-04:00,0,25.8799991607666,25.8799991607666,25.8799991607666,25.8799991607666,0.0,0.0
11,2025-07-31 10:56:00-04:00,5352,25.829999923706055,25.829999923706055,25.829999923706055,25.829999923706055,0.0,0.0
12,2025-07-31 11:01:00-04:00,12834,25.8799991607666,25.8799991607666,25.8799991607666,25.8799991607666,0.0,0.0
13,2025-07-31 11:05:00-04:00,400,25.879899978637695,25.879899978637695,25.879899978637695,25.879899978637695,0.0,0.0
14,2025-07-31 11:06:00-04:00,599,25.81879997253418,25.850500106811523,25.81879997253418,25.850500106811523,0.0,0.0
15,2025-07-31 11:09:00-04:00,384,25.844999313354492,25.844999313354492,25.844999313354492,25.844999313354492,0.0,0.0
16,2025-07-31 11:10:00-04:00,175,25.81999969482422,25.81999969482422,25.81999969482422,25.81999969482422,0.0,0.0
17,2025-07-31 11:23:00-04:00,216,25.81999969482422,25.81999969482422,25.81999969482422,25.81999969482422,0.0,0.0
18,2025-07-31 11:27:00-04:00,1254,25.860000610351562,25.860000610351562,25.860000610351562,25.860000610351562,0.0,0.0
19,2025-07-31 11:37:00-04:00,529,25.81999969482422,25.81999969482422,25.81999969482422,25.81999969482422,0.0,0.0
20,2025-07-31 11:45:00-04:00,1093,25.810100555419922,25.810100555419922,25.809999465942383,25.809999465942383,0.0,0.0
21,2025-07-31 11:48:00-04:00,4196,25.799999237060547,25.799999237060547,25.799999237060547,25.799999237060547,0.0,0.0
22,2025-07-31 11:50:00-04:00,148,25.790000915527344,25.790000915527344,25.790000915527344,25.790000915527344,0.0,0.0
23,2025-07-31 12:02:00-04:00,1391,25.860000610351562,25.860000610351562,25.860000610351562,25.860000610351562,0.0,0.0
24,2025-07-31 12:04:00-04:00,100,25.799999237060547,25.799999237060547,25.799999237060547,25.799999237060547,0.0,0.0
25,2025-07-31 12:09:00-04:00,1521,25.799999237060547,25.799999237060547,25.790000915527344,25.790000915527344,0.0,0.0
26,2025-07-31 12:18:00-04:00,100,25.760000228881836,25.760000228881836,25.760000228881836,25.760000228881836,0.0,0.0
27,2025-07-31 12:30:00-04:00,2757,25.780000686645508,25.790000915527344,25.780000686645508,25.789899826049805,0.0,0.0
28,2025-07-31 13:00:00-04:00,2258,25.780000686645508,25.790000915527344,25.780000686645508,25.790000915527344,0.0,0.0
29,2025-07-31 13:17:00-04:00,200,25.790000915527344,25.790000915527344,25.790000915527344,25.790000915527344,0.0,0.0
30,2025-07-31 13:18:00-04:00,1750,25.790000915527344,25.790000915527344,25.790000915527344,25.790000915527344,0.0,0.0
31,2025-07-31 13:31:00-04:00,998,25.809999465942383,25.84000015258789,25.809999465942383,25.84000015258789,0.0,0.0
32,2025-07-31 13:36:00-04:00,378,25.829999923706055,25.829999923706055,25.829999923706055,25.829999923706055,0.0,0.0
33,2025-07-31 13:37:00-04:00,304,25.829999923706055,25.829999923706055,25.829999923706055,25.829999923706055,0.0,0.0
34,2025-07-31 13:38:00-04:00,200,25.829999923706055,25.829999923706055,25.829999923706055,25.829999923706055,0.0,0.0
35,2025-07-31 13:39:00-04:00,381,25.829999923706055,25.84000015258789,25.829999923706055,25.84000015258789,0.0,0.0
36,2025-07-31 13:40:00-04:00,400,25.84000015258789,25.84000015258789,25.84000015258789,25.84000015258789,0.0,0.0
37,2025-07-31 13:41:00-04:00,644,25.84000015258789,25.84000015258789,25.799999237060547,25.799999237060547,0.0,0.0
38,2025-07-31 13:42:00-04:00,266,25.799999237060547,25.799999237060547,25.799999237060547,25.799999237060547,0.0,0.0
39,2025-07-31 13:57:00-04:00,171,25.80500030517578,25.80500030517578,25.80500030517578,25.80500030517578,0.0,0.0
40,2025-07-31 14:07:00-04:00,441,25.799999237060547,25.799999237060547,25.791000366210938,25.791000366210938,0.0,0.0
41,2025-07-31 14:18:00-04:00,151,25.80500030517578,25.80500030517578,25.80500030517578,25.80500030517578,0.0,0.0
42,2025-07-31 14:21:00-04:00,350,25.81999969482422,25.81999969482422,25.81999969482422,25.81999969482422,0.0,0.0
43,2025-07-31 14:28:00-04:00,763,25.780000686645508,25.780000686645508,25.780000686645508,25.780000686645508,0.0,0.0
44,2025-07-31 15:03:00-04:00,311,25.760000228881836,25.760000228881836,25.75,25.75,0.0,0.0
45,2025-07-31 15:04:00-04:00,700,25.75,25.75,25.75,25.75,0.0,0.0
46,2025-07-31 15:05:00-04:00,600,25.75,25.75,25.75,25.75,0.0,0.0
47,2025-07-31 15:06:00-04:00,600,25.75,25.75,25.75,25.75,0.0,0.0
48,2025-07-31 15:07:00-04:00,663,25.75,25.75,25.75,25.75,0.0,0.0
49,2025-07-31 15:08:00-04:00,391,25.75,25.75,25.75,25.75,0.0,0.0
50,2025-07-31 15:22:00-04:00,760,25.740400314331055,25.740400314331055,25.739999771118164,25.739999771118164,0.0,0.0
51,2025-07-31 15:25:00-04:00,231,25.7549991607666,25.760000228881836,25.7549991607666,25.760000228881836,0.0,0.0
52,2025-07-31 15:27:00-04:00,575,25.769899368286133,25.769899368286133,25.769899368286133,25.769899368286133,0.0,0.0
53,2025-07-31 15:29:00-04:00,460,25.75,25.75,25.75,25.75,0.0,0.0
54,2025-07-31 15:34:00-04:00,100,25.75,25.75,25.75,25.75,0.0,0.0
55,2025-07-31 15:35:00-04:00,348,25.75,25.75,25.75,25.75,0.0,0.0
56,2025-07-31 15:41:00-04:00,7666,25.75,25.75,25.75,25.75,0.0,0.0
57,2025-07-31 15:42:00-04:00,359,25.75,25.75,25.75,25.75,0.0,0.0
58,2025-07-31 15:45:00-04:00,385,25.75,25.75,25.75,25.75,0.0,0.0
59,2025-07-31 15:48:00-04:00,195,25.739999771118164,25.739999771118164,25.739999771118164,25.739999771118164,0.0,0.0
60,2025-07-31 15:50:00-04:00,1838,25.719999313354492,25.739999771118164,25.68000030517578,25.719999313354492,0.0,0.0
61,2025-07-31 15:55:00-04:00,516,25.75,25.75,25.75,25.75,0.0,0.0
62,2025-07-31 15:57:00-04:00,148,25.75,25.75,25.75,25.75,0.0,0.0
63,2025-07-31 15:58:00-04:00,11312,25.760000228881836,25.760000228881836,25.741100311279297,25.741100311279297,0.0,0.0
64,2025-07-31 15:59:00-04:00,15224,25.760000228881836,25.760000228881836,25.760000228881836,25.760000228881836,0.0,0.0
65,2025-08-01 09:30:00-04:00,0,25.770000457763672,25.829999923706055,25.770000457763672,25.829999923706055,0.0,0.0
66,2025-08-01 09:41:00-04:00,801,25.770000457763672,25.770000457763672,25.770000457763672,25.770000457763672,0.0,0.0
67,2025-08-01 09:42:00-04:00,1054,25.770000457763672,25.770000457763672,25.770000457763672,25.770000457763672,0.0,0.0
68,2025-08-01 09:46:00-04:00,440,25.75,25.75,25.75,25.75,0.0,0.0
69,2025-08-01 09:48:00-04:00,930,25.75,25.75,25.75,25.75,0.0,0.0
70,2025-08-01 09:49:00-04:00,808,25.75,25.75,25.75,25.75,0.0,0.0
71,2025-08-01 09:50:00-04:00,548,25.75,25.75,25.75,25.75,0.0,0.0
72,2025-08-01 09:57:00-04:00,2615,25.739999771118164,25.739999771118164,25.739999771118164,25.739999771118164,0.0,0.0
73,2025-08-01 09:58:00-04:00,2089,25.729999542236328,25.739999771118164,25.719999313354492,25.739999771118164,0.0,0.0
74,2025-08-01 10:10:00-04:00,3544,25.68000030517578,25.68000030517578,25.68000030517578,25.68000030517578,0.0,0.0
75,2025-08-01 10:12:00-04:00,199,25.7549991607666,25.7549991607666,25.7549991607666,25.7549991607666,0.0,0.0
76,2025-08-01 10:20:00-04:00,271,25.700000762939453,25.700000762939453,25.700000762939453,25.700000762939453,0.0,0.0
77,2025-08-01 10:24:00-04:00,2700,25.719999313354492,25.729999542236328,25.719999313354492,25.729999542236328,0.0,0.0
78,2025-08-01 10:25:00-04:00,235,25.719999313354492,25.719999313354492,25.719999313354492,25.719999313354492,0.0,0.0
79,2025-08-01 10:38:00-04:00,4833,25.729999542236328,25.729999542236328,25.729999542236328,25.729999542236328,0.0,0.0
80,2025-08-01 10:39:00-04:00,5285,25.729999542236328,25.729999542236328,25.729999542236328,25.729999542236328,0.0,0.0
81,2025-08-01 10:57:00-04:00,122,25.709999084472656,25.709999084472656,25.709999084472656,25.709999084472656,0.0,0.0
82,2025-08-01 10:58:00-04:00,2916,25.700000762939453,25.70009994506836,25.690000534057617,25.690000534057617,0.0,0.0
83,2025-08-01 11:01:00-04:00,2006,25.700000762939453,25.700000762939453,25.700000762939453,25.700000762939453,0.0,0.0
84,2025-08-01 11:03:00-04:00,242,25.700000762939453,25.700000762939453,25.700000762939453,25.700000762939453,0.0,0.0
85,2025-08-01 11:10:00-04:00,1530,25.71969985961914,25.71969985961914,25.70509910583496,25.70509910583496,0.0,0.0
86,2025-08-01 11:12:00-04:00,200,25.704999923706055,25.719900131225586,25.704999923706055,25.719900131225586,0.0,0.0
87,2025-08-01 11:15:00-04:00,2065,25.690200805664062,25.709999084472656,25.690000534057617,25.709999084472656,0.0,0.0
88,2025-08-01 11:16:00-04:00,946,25.690000534057617,25.70509910583496,25.690000534057617,25.70509910583496,0.0,0.0
89,2025-08-01 11:17:00-04:00,483,25.71419906616211,25.71500015258789,25.70509910583496,25.71500015258789,0.0,0.0
90,2025-08-01 11:21:00-04:00,309,25.690200805664062,25.690200805664062,25.690200805664062,25.690200805664062,0.0,0.0
91,2025-08-01 11:23:00-04:00,463,25.690000534057617,25.690000534057617,25.690000534057617,25.690000534057617,0.0,0.0
92,2025-08-01 11:29:00-04:00,1402,25.690099716186523,25.709800720214844,25.690099716186523,25.709800720214844,0.0,0.0
93,2025-08-01 11:31:00-04:00,502,25.700000762939453,25.700000762939453,25.700000762939453,25.700000762939453,0.0,0.0
94,2025-08-01 11:32:00-04:00,151,25.690000534057617,25.690000534057617,25.690000534057617,25.690000534057617,0.0,0.0
95,2025-08-01 11:33:00-04:00,2337,25.700000762939453,25.700000762939453,25.700000762939453,25.700000762939453,0.0,0.0
96,2025-08-01 11:38:00-04:00,253,25.7450008392334,25.7450008392334,25.7450008392334,25.7450008392334,0.0,0.0
97,2025-08-01 11:44:00-04:00,167,25.709999084472656,25.709999084472656,25.709999084472656,25.709999084472656,0.0,0.0
98,2025-08-01 11:45:00-04:00,101,25.709999084472656,25.709999084472656,25.709999084472656,25.709999084472656,0.0,0.0
99,2025-08-01 11:46:00-04:00,100,25.709999084472656,25.709999084472656,25.709999084472656,25.709999084472656,0.0,0.0
100,2025-08-01 11:47:00-04:00,100,25.709999084472656,25.709999084472656,25.709999084472656,25.709999084472656,0.0,0.0
101,2025-08-01 11:48:00-04:00,200,25.709999084472656,25.709999084472656,25.709999084472656,25.709999084472656,0.0,0.0
102,2025-08-01 11:49:00-04:00,101,25.709999084472656,25.709999084472656,25.709999084472656,25.709999084472656,0.0,0.0
103,2025-08-01 11:51:00-04:00,100,25.709999084472656,25.709999084472656,25.709999084472656,25.709999084472656,0.0,0.0
104,2025-08-01 11:52:00-04:00,102,25.709999084472656,25.709999084472656,25.709999084472656,25.709999084472656,0.0,0.0
105,2025-08-01 11:53:00-04:00,100,25.709999084472656,25.709999084472656,25.709999084472656,25.709999084472656,0.0,0.0
106,2025-08-01 11:54:00-04:00,100,25.709999084472656,25.709999084472656,25.709999084472656,25.709999084472656,0.0,0.0
107,2025-08-01 11:55:00-04:00,100,25.709999084472656,25.709999084472656,25.709999084472656,25.709999084472656,0.0,0.0
108,2025-08-01 11:56:00-04:00,102,25.709999084472656,25.709999084472656,25.709999084472656,25.709999084472656,0.0,0.0
109,2025-08-01 11:57:00-04:00,100,25.709999084472656,25.709999084472656,25.709999084472656,25.709999084472656,0.0,0.0
110,2025-08-01 11:58:00-04:00,1090,25.709999084472656,25.709999084472656,25.709999084472656,25.709999084472656,0.0,0.0
111,2025-08-01 11:59:00-04:00,147,25.709999084472656,25.709999084472656,25.709999084472656,25.709999084472656,0.0,0.0
112,2025-08-01 12:00:00-04:00,100,25.709999084472656,25.709999084472656,25.709999084472656,25.709999084472656,0.0,0.0
113,2025-08-01 12:01:00-04:00,100,25.709999084472656,25.709999084472656,25.709999084472656,25.709999084472656,0.0,0.0
114,2025-08-01 12:02:00-04:00,100,25.709999084472656,25.709999084472656,25.709999084472656,25.709999084472656,0.0,0.0
115,2025-08-01 12:04:00-04:00,244,25.709999084472656,25.719999313354492,25.709999084472656,25.719999313354492,0.0,0.0
116,2025-08-01 12:05:00-04:00,496,25.735000610351562,25.75,25.719999313354492,25.719999313354492,0.0,0.0
117,2025-08-01 12:06:00-04:00,100,25.719999313354492,25.719999313354492,25.719999313354492,25.719999313354492,0.0,0.0
118,2025-08-01 12:08:00-04:00,100,25.719999313354492,25.719999313354492,25.719999313354492,25.719999313354492,0.0,0.0
119,2025-08-01 12:09:00-04:00,219,25.719999313354492,25.72010040283203,25.719999313354492,25.72010040283203,0.0,0.0
120,2025-08-01 12:10:00-04:00,100,25.719999313354492,25.719999313354492,25.719999313354492,25.719999313354492,0.0,0.0
121,2025-08-01 12:11:00-04:00,100,25.719999313354492,25.719999313354492,25.719999313354492,25.719999313354492,0.0,0.0
122,2025-08-01 12:12:00-04:00,100,25.719999313354492,25.719999313354492,25.719999313354492,25.719999313354492,0.0,0.0
123,2025-08-01 12:13:00-04:00,100,25.719999313354492,25.719999313354492,25.719999313354492,25.719999313354492,0.0,0.0
124,2025-08-01 12:14:00-04:00,100,25.719999313354492,25.719999313354492,25.719999313354492,25.719999313354492,0.0,0.0
125,2025-08-01 12:15:00-04:00,100,25.719999313354492,25.719999313354492,25.719999313354492,25.719999313354492,0.0,0.0
126,2025-08-01 12:16:00-04:00,100,25.719999313354492,25.719999313354492,25.719999313354492,25.719999313354492,0.0,0.0
127,2025-08-01 12:17:00-04:00,100,25.719999313354492,25.719999313354492,25.719999313354492,25.719999313354492,0.0,0.0
128,2025-08-01 12:19:00-04:00,105,25.719999313354492,25.719999313354492,25.719999313354492,25.719999313354492,0.0,0.0
129,2025-08-01 12:20:00-04:00,100,25.719999313354492,25.719999313354492,25.719999313354492,25.719999313354492,0.0,0.0
130,2025-08-01 12:21:00-04:00,100,25.719999313354492,25.719999313354492,25.719999313354492,25.719999313354492,0.0,0.0
131,2025-08-01 12:22:00-04:00,103,25.719999313354492,25.719999313354492,25.719999313354492,25.719999313354492,0.0,0.0
132,2025-08-01 12:23:00-04:00,311,25.719999313354492,25.735000610351562,25.719999313354492,25.735000610351562,0.0,0.0
133,2025-08-01 12:24:00-04:00,100,25.719999313354492,25.719999313354492,25.719999313354492,25.719999313354492,0.0,0.0
134,2025-08-01 12:25:00-04:00,100,25.719999313354492,25.719999313354492,25.719999313354492,25.719999313354492,0.0,0.0
135,2025-08-01 12:26:00-04:00,119,25.719999313354492,25.719999313354492,25.719999313354492,25.719999313354492,0.0,0.0
136,2025-08-01 12:27:00-04:00,100,25.719999313354492,25.719999313354492,25.719999313354492,25.719999313354492,0.0,0.0
137,2025-08-01 12:29:00-04:00,100,25.719999313354492,25.719999313354492,25.719999313354492,25.719999313354492,0.0,0.0
138,2025-08-01 12:30:00-04:00,254,25.719999313354492,25.719999313354492,25.719999313354492,25.719999313354492,0.0,0.0
139,2025-08-01 12:31:00-04:00,100,25.719999313354492,25.719999313354492,25.719999313354492,25.719999313354492,0.0,0.0
140,2025-08-01 12:32:00-04:00,100,25.719999313354492,25.719999313354492,25.719999313354492,25.719999313354492,0.0,0.0
141,2025-08-01 12:33:00-04:00,100,25.719999313354492,25.719999313354492,25.719999313354492,25.719999313354492,0.0,0.0
142,2025-08-01 12:34:00-04:00,100,25.719999313354492,25.719999313354492,25.719999313354492,25.719999313354492,0.0,0.0
143,2025-08-01 12:35:00-04:00,100,25.719999313354492,25.719999313354492,25.719999313354492,25.719999313354492,0.0,0.0
144,2025-08-01 12:37:00-04:00,100,25.709999084472656,25.709999084472656,25.709999084472656,25.709999084472656,0.0,0.0
145,2025-08-01 12:38:00-04:00,107,25.709999084472656,25.709999084472656,25.709999084472656,25.709999084472656,0.0,0.0
146,2025-08-01 12:39:00-04:00,114,25.700000762939453,25.700000762939453,25.700000762939453,25.700000762939453,0.0,0.0
147,2025-08-01 12:40:00-04:00,120,25.700000762939453,25.700000762939453,25.700000762939453,25.700000762939453,0.0,0.0
148,2025-08-01 12:41:00-04:00,100,25.700000762939453,25.700000762939453,25.700000762939453,25.700000762939453,0.0,0.0
149,2025-08-01 12:42:00-04:00,100,25.700000762939453,25.700000762939453,25.700000762939453,25.700000762939453,0.0,0.0
150,2025-08-01 12:43:00-04:00,106,25.700000762939453,25.700000762939453,25.700000762939453,25.700000762939453,0.0,0.0
151,2025-08-01 12:54:00-04:00,100,25.719999313354492,25.719999313354492,25.719999313354492,25.719999313354492,0.0,0.0
152,2025-08-01 12:56:00-04:00,100,25.700000762939453,25.700000762939453,25.700000762939453,25.700000762939453,0.0,0.0
153,2025-08-01 12:57:00-04:00,100,25.700000762939453,25.700000762939453,25.700000762939453,25.700000762939453,0.0,0.0
154,2025-08-01 12:58:00-04:00,201,25.700000762939453,25.700000762939453,25.700000762939453,25.700000762939453,0.0,0.0
155,2025-08-01 12:59:00-04:00,100,25.700000762939453,25.700000762939453,25.700000762939453,25.700000762939453,0.0,0.0
156,2025-08-01 13:00:00-04:00,100,25.700000762939453,25.700000762939453,25.700000762939453,25.700000762939453,0.0,0.0
157,2025-08-01 13:02:00-04:00,401,25.700000762939453,25.700000762939453,25.690000534057617,25.690000534057617,0.0,0.0
158,2025-08-01 13:03:00-04:00,100,25.700000762939453,25.700000762939453,25.700000762939453,25.700000762939453,0.0,0.0
159,2025-08-01 13:04:00-04:00,100,25.700000762939453,25.700000762939453,25.700000762939453,25.700000762939453,0.0,0.0
160,2025-08-01 13:05:00-04:00,100,25.700000762939453,25.700000762939453,25.700000762939453,25.700000762939453,0.0,0.0
161,2025-08-01 13:06:00-04:00,100,25.700000762939453,25.700000762939453,25.700000762939453,25.700000762939453,0.0,0.0
162,2025-08-01 13:07:00-04:00,100,25.700000762939453,25.700000762939453,25.700000762939453,25.700000762939453,0.0,0.0
163,2025-08-01 13:08:00-04:00,100,25.700000762939453,25.700000762939453,25.700000762939453,25.700000762939453,0.0,0.0
164,2025-08-01 13:09:00-04:00,100,25.700000762939453,25.700000762939453,25.700000762939453,25.700000762939453,0.0,0.0
165,2025-08-01 13:11:00-04:00,100,25.700000762939453,25.700000762939453,25.700000762939453,25.700000762939453,0.0,0.0
166,2025-08-01 13:12:00-04:00,100,25.700000762939453,25.700000762939453,25.700000762939453,25.700000762939453,0.0,0.0
167,2025-08-01 13:13:00-04:00,100,25.700000762939453,25.700000762939453,25.700000762939453,25.700000762939453,0.0,0.0
168,2025-08-01 13:14:00-04:00,100,25.700000762939453,25.700000762939453,25.700000762939453,25.700000762939453,0.0,0.0
169,2025-08-01 13:15:00-04:00,100,25.700000762939453,25.700000762939453,25.700000762939453,25.700000762939453,0.0,0.0
170,2025-08-01 13:16:00-04:00,100,25.700000762939453,25.700000762939453,25.700000762939453,25.700000762939453,0.0,0.0
171,2025-08-01 13:17:00-04:00,100,25.700000762939453,25.700000762939453,25.700000762939453,25.700000762939453,0.0,0.0
172,2025-08-01 13:18:00-04:00,100,25.719999313354492,25.719999313354492,25.719999313354492,25.719999313354492,0.0,0.0
173,2025-08-01 13:19:00-04:00,100,25.700000762939453,25.700000762939453,25.700000762939453,25.700000762939453,0.0,0.0
174,2025-08-01 13:20:00-04:00,100,25.700000762939453,25.700000762939453,25.700000762939453,25.700000762939453,0.0,0.0
175,2025-08-01 13:21:00-04:00,130,25.700000762939453,25.700000762939453,25.700000762939453,25.700000762939453,0.0,0.0
176,2025-08-01 13:22:00-04:00,200,25.700000762939453,25.700000762939453,25.700000762939453,25.700000762939453,0.0,0.0
177,2025-08-01 13:25:00-04:00,400,25.704999923706055,25.704999923706055,25.704999923706055,25.704999923706055,0.0,0.0
178,2025-08-01 13:26:00-04:00,1076,25.690000534057617,25.690000534057617,25.690000534057617,25.690000534057617,0.0,0.0
179,2025-08-01 13:27:00-04:00,0,25.690000534057617,25.690000534057617,25.690000534057617,25.690000534057617,0.0,0.0
180,2025-08-01 13:38:00-04:00,56499,25.700000762939453,25.700000762939453,25.700000762939453,25.700000762939453,0.0,0.0
181,2025-08-01 13:41:00-04:00,475,25.690000534057617,25.690000534057617,25.690000534057617,25.690000534057617,0.0,0.0
182,2025-08-01 13:46:00-04:00,322,25.68000030517578,25.700000762939453,25.68000030517578,25.700000762939453,0.0,0.0
183,2025-08-01 13:57:00-04:00,2068,25.700000762939453,25.700000762939453,25.700000762939453,25.700000762939453,0.0,0.0
184,2025-08-01 14:07:00-04:00,204,25.724000930786133,25.724000930786133,25.724000930786133,25.724000930786133,0.0,0.0
185,2025-08-01 14:09:00-04:00,120,25.700000762939453,25.700000762939453,25.700000762939453,25.700000762939453,0.0,0.0
186,2025-08-01 14:10:00-04:00,100,25.700000762939453,25.700000762939453,25.700000762939453,25.700000762939453,0.0,0.0
187,2025-08-01 14:11:00-04:00,100,25.700000762939453,25.700000762939453,25.700000762939453,25.700000762939453,0.0,0.0
188,2025-08-01 14:12:00-04:00,100,25.700000762939453,25.700000762939453,25.700000762939453,25.700000762939453,0.0,0.0
189,2025-08-01 14:13:00-04:00,200,25.700000762939453,25.700000762939453,25.700000762939453,25.700000762939453,0.0,0.0
190,2025-08-01 14:15:00-04:00,100,25.700000762939453,25.700000762939453,25.700000762939453,25.700000762939453,0.0,0.0
191,2025-08-01 14:16:00-04:00,100,25.700000762939453,25.700000762939453,25.700000762939453,25.700000762939453,0.0,0.0
192,2025-08-01 14:17:00-04:00,269,25.700000762939453,25.700000762939453,25.700000762939453,25.700000762939453,0.0,0.0
193,2025-08-01 14:18:00-04:00,200,25.700000762939453,25.700000762939453,25.700000762939453,25.700000762939453,0.0,0.0
194,2025-08-01 14:20:00-04:00,245,25.700000762939453,25.700000762939453,25.700000762939453,25.700000762939453,0.0,0.0
195,2025-08-01 14:22:00-04:00,100,25.700000762939453,25.700000762939453,25.700000762939453,25.700000762939453,0.0,0.0
196,2025-08-01 14:23:00-04:00,100,25.700000762939453,25.700000762939453,25.700000762939453,25.700000762939453,0.0,0.0
197,2025-08-01 14:24:00-04:00,100,25.700000762939453,25.700000762939453,25.700000762939453,25.700000762939453,0.0,0.0
198,2025-08-01 14:25:00-04:00,201,25.700000762939453,25.700000762939453,25.700000762939453,25.700000762939453,0.0,0.0
199,2025-08-01 14:26:00-04:00,100,25.700000762939453,25.700000762939453,25.700000762939453,25.700000762939453,0.0,0.0
200,2025-08-01 14:27:00-04:00,261,25.7450008392334,25.7450008392334,25.700000762939453,25.700000762939453,0.0,0.0
201,2025-08-01 14:28:00-04:00,204,25.700000762939453,25.700000762939453,25.700000762939453,25.700000762939453,0.0,0.0
202,2025-08-01 14:29:00-04:00,106,25.700000762939453,25.700000762939453,25.700000762939453,25.700000762939453,0.0,0.0
203,2025-08-01 14:30:00-04:00,100,25.700000762939453,25.700000762939453,25.700000762939453,25.700000762939453,0.0,0.0
204,2025-08-01 14:31:00-04:00,100,25.700000762939453,25.700000762939453,25.700000762939453,25.700000762939453,0.0,0.0
205,2025-08-01 14:32:00-04:00,200,25.700000762939453,25.700000762939453,25.700000762939453,25.700000762939453,0.0,0.0
206,2025-08-01 14:33:00-04:00,100,25.719999313354492,25.719999313354492,25.719999313354492,25.719999313354492,0.0,0.0
207,2025-08-01 14:34:00-04:00,100,25.700000762939453,25.700000762939453,25.700000762939453,25.700000762939453,0.0,0.0
208,2025-08-01 14:35:00-04:00,100,25.719999313354492,25.719999313354492,25.719999313354492,25.719999313354492,0.0,0.0
209,2025-08-01 14:36:00-04:00,100,25.700000762939453,25.700000762939453,25.700000762939453,25.700000762939453,0.0,0.0
210,2025-08-01 14:37:00-04:00,100,25.709999084472656,25.709999084472656,25.709999084472656,25.709999084472656,0.0,0.0
211,2025-08-01 14:38:00-04:00,187,25.709999084472656,25.709999084472656,25.709999084472656,25.709999084472656,0.0,0.0
212,2025-08-01 14:39:00-04:00,300,25.719999313354492,25.719999313354492,25.719999313354492,25.719999313354492,0.0,0.0
213,2025-08-01 14:41:00-04:00,100,25.709999084472656,25.709999084472656,25.709999084472656,25.709999084472656,0.0,0.0
214,2025-08-01 14:42:00-04:00,1300,25.709999084472656,25.75,25.709999084472656,25.709999084472656,0.0,0.0
215,2025-08-01 14:43:00-04:00,100,25.709999084472656,25.709999084472656,25.709999084472656,25.709999084472656,0.0,0.0
216,2025-08-01 14:44:00-04:00,324,25.709999084472656,25.709999084472656,25.709999084472656,25.709999084472656,0.0,0.0
217,2025-08-01 14:45:00-04:00,100,25.709999084472656,25.709999084472656,25.709999084472656,25.709999084472656,0.0,0.0
218,2025-08-01 14:46:00-04:00,200,25.709999084472656,25.709999084472656,25.709999084472656,25.709999084472656,0.0,0.0
219,2025-08-01 14:47:00-04:00,1300,25.739999771118164,25.739999771118164,25.709999084472656,25.709999084472656,0.0,0.0
220,2025-08-01 14:48:00-04:00,100,25.709999084472656,25.709999084472656,25.709999084472656,25.709999084472656,0.0,0.0
221,2025-08-01 14:49:00-04:00,300,25.709999084472656,25.71500015258789,25.709999084472656,25.71500015258789,0.0,0.0
222,2025-08-01 14:50:00-04:00,130,25.709999084472656,25.709999084472656,25.709999084472656,25.709999084472656,0.0,0.0
223,2025-08-01 14:51:00-04:00,300,25.739999771118164,25.739999771118164,25.709999084472656,25.709999084472656,0.0,0.0
224,2025-08-01 14:52:00-04:00,100,25.709999084472656,25.709999084472656,25.709999084472656,25.709999084472656,0.0,0.0
225,2025-08-01 14:53:00-04:00,200,25.709999084472656,25.709999084472656,25.709999084472656,25.709999084472656,0.0,0.0
226,2025-08-01 14:55:00-04:00,100,25.700000762939453,25.700000762939453,25.700000762939453,25.700000762939453,0.0,0.0
227,2025-08-01 14:56:00-04:00,200,25.709999084472656,25.709999084472656,25.709999084472656,25.709999084472656,0.0,0.0
228,2025-08-01 14:57:00-04:00,100,25.709999084472656,25.709999084472656,25.709999084472656,25.709999084472656,0.0,0.0
229,2025-08-01 14:58:00-04:00,100,25.709999084472656,25.709999084472656,25.709999084472656,25.709999084472656,0.0,0.0
230,2025-08-01 14:59:00-04:00,100,25.709999084472656,25.709999084472656,25.709999084472656,25.709999084472656,0.0,0.0
231,2025-08-01 15:00:00-04:00,214,25.709999084472656,25.709999084472656,25.709999084472656,25.709999084472656,0.0,0.0
232,2025-08-01 15:01:00-04:00,100,25.709999084472656,25.709999084472656,25.709999084472656,25.709999084472656,0.0,0.0
233,2025-08-01 15:02:00-04:00,100,25.709999084472656,25.709999084472656,25.709999084472656,25.709999084472656,0.0,0.0
234,2025-08-01 15:03:00-04:00,100,25.709999084472656,25.709999084472656,25.709999084472656,25.709999084472656,0.0,0.0
235,2025-08-01 15:04:00-04:00,573,25.709999084472656,25.73509979248047,25.709999084472656,25.709999084472656,0.0,0.0
236,2025-08-01 15:05:00-04:00,100,25.709999084472656,25.709999084472656,25.709999084472656,25.709999084472656,0.0,0.0
237,2025-08-01 15:06:00-04:00,100,25.709999084472656,25.709999084472656,25.709999084472656,25.709999084472656,0.0,0.0
238,2025-08-01 15:07:00-04:00,200,25.709999084472656,25.709999084472656,25.709999084472656,25.709999084472656,0.0,0.0
239,2025-08-01 15:08:00-04:00,100,25.709999084472656,25.709999084472656,25.709999084472656,25.709999084472656,0.0,0.0
240,2025-08-01 15:09:00-04:00,100,25.709999084472656,25.709999084472656,25.709999084472656,25.709999084472656,0.0,0.0
241,2025-08-01 15:10:00-04:00,290,25.709999084472656,25.709999084472656,25.709999084472656,25.709999084472656,0.0,0.0
242,2025-08-01 15:11:00-04:00,100,25.709999084472656,25.709999084472656,25.709999084472656,25.709999084472656,0.0,0.0
243,2025-08-01 15:12:00-04:00,100,25.709999084472656,25.709999084472656,25.709999084472656,25.709999084472656,0.0,0.0
244,2025-08-01 15:13:00-04:00,200,25.709999084472656,25.709999084472656,25.709999084472656,25.709999084472656,0.0,0.0
245,2025-08-01 15:14:00-04:00,100,25.709999084472656,25.709999084472656,25.709999084472656,25.709999084472656,0.0,0.0
246,2025-08-01 15:15:00-04:00,100,25.709999084472656,25.709999084472656,25.709999084472656,25.709999084472656,0.0,0.0
247,2025-08-01 15:16:00-04:00,200,25.709999084472656,25.709999084472656,25.709999084472656,25.709999084472656,0.0,0.0
248,2025-08-01 15:17:00-04:00,100,25.709999084472656,25.709999084472656,25.709999084472656,25.709999084472656,0.0,0.0
249,2025-08-01 15:18:00-04:00,200,25.709999084472656,25.709999084472656,25.709999084472656,25.709999084472656,0.0,0.0
250,2025-08-01 15:19:00-04:00,100,25.709999084472656,25.709999084472656,25.709999084472656,25.709999084472656,0.0,0.0
251,2025-08-01 15:20:00-04:00,303,25.735000610351562,25.735000610351562,25.709999084472656,25.709999084472656,0.0,0.0
252,2025-08-01 15:21:00-04:00,100,25.709999084472656,25.709999084472656,25.709999084472656,25.709999084472656,0.0,0.0
253,2025-08-01 15:22:00-04:00,100,25.709999084472656,25.709999084472656,25.709999084472656,25.709999084472656,0.0,0.0
254,2025-08-01 15:23:00-04:00,559,25.709999084472656,25.709999084472656,25.709999084472656,25.709999084472656,0.0,0.0
255,2025-08-01 15:24:00-04:00,230,25.709999084472656,25.709999084472656,25.709999084472656,25.709999084472656,0.0,0.0
256,2025-08-01 15:25:00-04:00,100,25.709999084472656,25.709999084472656,25.709999084472656,25.709999084472656,0.0,0.0
257,2025-08-01 15:26:00-04:00,204,25.709999084472656,25.709999084472656,25.709999084472656,25.709999084472656,0.0,0.0
258,2025-08-01 15:27:00-04:00,1044,25.709999084472656,25.735000610351562,25.709999084472656,25.735000610351562,0.0,0.0
259,2025-08-01 15:28:00-04:00,211,25.709999084472656,25.709999084472656,25.709999084472656,25.709999084472656,0.0,0.0
260,2025-08-01 15:29:00-04:00,200,25.709999084472656,25.709999084472656,25.709999084472656,25.709999084472656,0.0,0.0
261,2025-08-01 15:30:00-04:00,100,25.709999084472656,25.709999084472656,25.709999084472656,25.709999084472656,0.0,0.0
262,2025-08-01 15:31:00-04:00,206,25.709999084472656,25.709999084472656,25.709999084472656,25.709999084472656,0.0,0.0
263,2025-08-01 15:32:00-04:00,200,25.709999084472656,25.709999084472656,25.709999084472656,25.709999084472656,0.0,0.0
264,2025-08-01 15:33:00-04:00,100,25.709999084472656,25.709999084472656,25.709999084472656,25.709999084472656,0.0,0.0
265,2025-08-01 15:34:00-04:00,450,25.709999084472656,25.751399993896484,25.709999084472656,25.709999084472656,0.0,0.0
266,2025-08-01 15:35:00-04:00,200,25.709999084472656,25.709999084472656,25.709999084472656,25.709999084472656,0.0,0.0
267,2025-08-01 15:36:00-04:00,100,25.709999084472656,25.709999084472656,25.709999084472656,25.709999084472656,0.0,0.0
268,2025-08-01 15:37:00-04:00,318,25.709999084472656,25.709999084472656,25.709999084472656,25.709999084472656,0.0,0.0
269,2025-08-01 15:38:00-04:00,220,25.709999084472656,25.709999084472656,25.709999084472656,25.709999084472656,0.0,0.0
270,2025-08-01 15:39:00-04:00,100,25.709999084472656,25.709999084472656,25.709999084472656,25.709999084472656,0.0,0.0
271,2025-08-01 15:40:00-04:00,300,25.709999084472656,25.709999084472656,25.709999084472656,25.709999084472656,0.0,0.0
272,2025-08-01 15:41:00-04:00,200,25.709999084472656,25.709999084472656,25.709999084472656,25.709999084472656,0.0,0.0
273,2025-08-01 15:42:00-04:00,200,25.709999084472656,25.709999084472656,25.709999084472656,25.709999084472656,0.0,0.0
274,2025-08-01 15:43:00-04:00,700,25.709999084472656,25.709999084472656,25.709999084472656,25.709999084472656,0.0,0.0
275,2025-08-01 15:44:00-04:00,300,25.709999084472656,25.709999084472656,25.709999084472656,25.709999084472656,0.0,0.0
276,2025-08-01 15:45:00-04:00,300,25.709999084472656,25.709999084472656,25.709999084472656,25.709999084472656,0.0,0.0
277,2025-08-01 15:46:00-04:00,300,25.709999084472656,25.709999084472656,25.709999084472656,25.709999084472656,0.0,0.0
278,2025-08-01 15:47:00-04:00,304,25.709999084472656,25.709999084472656,25.700000762939453,25.700000762939453,0.0,0.0
279,2025-08-01 15:48:00-04:00,100,25.700000762939453,25.700000762939453,25.700000762939453,25.700000762939453,0.0,0.0
280,2025-08-01 15:53:00-04:00,528,25.700000762939453,25.700000762939453,25.700000762939453,25.700000762939453,0.0,0.0
281,2025-08-01 15:55:00-04:00,2790,25.700000762939453,25.700000762939453,25.700000762939453,25.700000762939453,0.0,0.0
282,2025-08-01 15:57:00-04:00,2590,25.690000534057617,25.690000534057617,25.690000534057617,25.690000534057617,0.0,0.0
283,2025-08-01 15:58:00-04:00,89210,25.670000076293945,25.680599212646484,25.670000076293945,25.670000076293945,0.0,0.0
284,2025-08-04 09:30:00-04:00,0,25.729999542236328,25.729999542236328,25.729999542236328,25.729999542236328,0.0,0.0
285,2025-08-04 09:31:00-04:00,1194,25.790000915527344,25.799999237060547,25.790000915527344,25.799999237060547,0.0,0.0
286,2025-08-04 09:40:00-04:00,110,25.75,25.75,25.75,25.75,0.0,0.0
287,2025-08-04 09:48:00-04:00,200,25.75,25.75,25.75,25.75,0.0,0.0
288,2025-08-04 09:56:00-04:00,262,25.760000228881836,25.760000228881836,25.760000228881836,25.760000228881836,0.0,0.0
289,2025-08-04 10:00:00-04:00,744,25.760000228881836,25.770000457763672,25.760000228881836,25.770000457763672,0.0,0.0
290,2025-08-04 10:05:00-04:00,100,25.760000228881836,25.760000228881836,25.760000228881836,25.760000228881836,0.0,0.0
291,2025-08-04 10:06:00-04:00,463,25.770000457763672,25.770000457763672,25.760000228881836,25.760000228881836,0.0,0.0
292,2025-08-04 10:11:00-04:00,563,25.760000228881836,25.760000228881836,25.760000228881836,25.760000228881836,0.0,0.0
293,2025-08-04 10:55:00-04:00,424,25.75,25.75,25.75,25.75,0.0,0.0
294,2025-08-04 11:14:00-04:00,100,25.780000686645508,25.780000686645508,25.780000686645508,25.780000686645508,0.0,0.0
295,2025-08-04 11:19:00-04:00,144,25.780000686645508,25.780000686645508,25.780000686645508,25.780000686645508,0.0,0.0
296,2025-08-04 11:22:00-04:00,1985,25.790000915527344,25.790000915527344,25.75,25.75,0.0,0.0
297,2025-08-04 11:23:00-04:00,340,25.780000686645508,25.780000686645508,25.780000686645508,25.780000686645508,0.0,0.0
298,2025-08-04 11:27:00-04:00,288,25.803499221801758,25.803499221801758,25.803499221801758,25.803499221801758,0.0,0.0
299,2025-08-04 11:31:00-04:00,168,25.790000915527344,25.790000915527344,25.790000915527344,25.790000915527344,0.0,0.0
300,2025-08-04 11:32:00-04:00,556,25.790000915527344,25.790000915527344,25.790000915527344,25.790000915527344,0.0,0.0
301,2025-08-04 11:34:00-04:00,139,25.770000457763672,25.770000457763672,25.770000457763672,25.770000457763672,0.0,0.0
302,2025-08-04 11:39:00-04:00,1918,25.780000686645508,25.780000686645508,25.770000457763672,25.770000457763672,0.0,0.0
303,2025-08-04 11:41:00-04:00,209,25.75,25.75,25.75,25.75,0.0,0.0
304,2025-08-04 11:48:00-04:00,207,25.75,25.75,25.75,25.75,0.0,0.0
305,2025-08-04 11:53:00-04:00,456,25.784500122070312,25.78809928894043,25.784500122070312,25.78809928894043,0.0,0.0
306,2025-08-04 11:54:00-04:00,1842,25.770000457763672,25.790000915527344,25.770000457763672,25.790000915527344,0.0,0.0
307,2025-08-04 12:01:00-04:00,1370,25.770000457763672,25.770000457763672,25.770000457763672,25.770000457763672,0.0,0.0
308,2025-08-04 12:09:00-04:00,348,25.770000457763672,25.770000457763672,25.770000457763672,25.770000457763672,0.0,0.0
309,2025-08-04 12:24:00-04:00,163,25.75,25.75,25.75,25.75,0.0,0.0
310,2025-08-04 12:39:00-04:00,505,25.784099578857422,25.784099578857422,25.760000228881836,25.760000228881836,0.0,0.0
311,2025-08-04 12:51:00-04:00,292,25.770000457763672,25.770000457763672,25.770000457763672,25.770000457763672,0.0,0.0
312,2025-08-04 12:52:00-04:00,5144,25.760000228881836,25.760000228881836,25.75,25.75,0.0,0.0
313,2025-08-04 13:00:00-04:00,162,25.75,25.75,25.75,25.75,0.0,0.0
314,2025-08-04 13:05:00-04:00,0,25.770000457763672,25.770000457763672,25.770000457763672,25.770000457763672,0.0,0.0
315,2025-08-04 13:15:00-04:00,22272,25.75,25.75,25.75,25.75,0.0,0.0
316,2025-08-04 13:20:00-04:00,278,25.77630043029785,25.77630043029785,25.77630043029785,25.77630043029785,0.0,0.0
317,2025-08-04 13:29:00-04:00,135,25.75,25.75,25.75,25.75,0.0,0.0
318,2025-08-04 13:43:00-04:00,100,25.75,25.75,25.75,25.75,0.0,0.0
319,2025-08-04 13:44:00-04:00,126,25.75,25.75,25.75,25.75,0.0,0.0
320,2025-08-04 13:46:00-04:00,184,25.75,25.75,25.75,25.75,0.0,0.0
321,2025-08-04 13:49:00-04:00,1807,25.75,25.760000228881836,25.75,25.7549991607666,0.0,0.0
322,2025-08-04 13:51:00-04:00,200,25.75,25.75,25.75,25.75,0.0,0.0
323,2025-08-04 13:56:00-04:00,552,25.75,25.7593994140625,25.75,25.7593994140625,0.0,0.0
324,2025-08-04 13:58:00-04:00,108,25.75,25.75,25.75,25.75,0.0,0.0
325,2025-08-04 14:00:00-04:00,135,25.75,25.75,25.75,25.75,0.0,0.0
326,2025-08-04 14:02:00-04:00,107,25.75,25.75,25.75,25.75,0.0,0.0
327,2025-08-04 14:05:00-04:00,100,25.75,25.75,25.75,25.75,0.0,0.0
328,2025-08-04 14:07:00-04:00,1205,25.75,25.75,25.739999771118164,25.739999771118164,0.0,0.0
329,2025-08-04 14:24:00-04:00,100,25.739999771118164,25.739999771118164,25.739999771118164,25.739999771118164,0.0,0.0
330,2025-08-04 14:26:00-04:00,181,25.739999771118164,25.739999771118164,25.739999771118164,25.739999771118164,0.0,0.0
331,2025-08-04 14:28:00-04:00,162,25.739999771118164,25.739999771118164,25.739999771118164,25.739999771118164,0.0,0.0
332,2025-08-04 14:30:00-04:00,100,25.739999771118164,25.739999771118164,25.739999771118164,25.739999771118164,0.0,0.0
333,2025-08-04 14:32:00-04:00,221,25.739999771118164,25.739999771118164,25.739999771118164,25.739999771118164,0.0,0.0
334,2025-08-04 14:34:00-04:00,100,25.739999771118164,25.739999771118164,25.739999771118164,25.739999771118164,0.0,0.0
335,2025-08-04 14:36:00-04:00,100,25.739999771118164,25.739999771118164,25.739999771118164,25.739999771118164,0.0,0.0
336,2025-08-04 14:38:00-04:00,100,25.739999771118164,25.739999771118164,25.739999771118164,25.739999771118164,0.0,0.0
337,2025-08-04 14:41:00-04:00,100,25.739999771118164,25.739999771118164,25.739999771118164,25.739999771118164,0.0,0.0
338,2025-08-04 14:42:00-04:00,100,25.739999771118164,25.739999771118164,25.739999771118164,25.739999771118164,0.0,0.0
339,2025-08-04 14:44:00-04:00,100,25.739999771118164,25.739999771118164,25.739999771118164,25.739999771118164,0.0,0.0
340,2025-08-04 14:45:00-04:00,1000,25.7549991607666,25.7549991607666,25.7549991607666,25.7549991607666,0.0,0.0
341,2025-08-04 14:46:00-04:00,111,25.739999771118164,25.739999771118164,25.739999771118164,25.739999771118164,0.0,0.0
342,2025-08-04 14:47:00-04:00,116,25.769899368286133,25.769899368286133,25.769899368286133,25.769899368286133,0.0,0.0
343,2025-08-04 14:48:00-04:00,100,25.739999771118164,25.739999771118164,25.739999771118164,25.739999771118164,0.0,0.0
344,2025-08-04 14:50:00-04:00,101,25.739999771118164,25.739999771118164,25.739999771118164,25.739999771118164,0.0,0.0
345,2025-08-04 14:52:00-04:00,100,25.739999771118164,25.739999771118164,25.739999771118164,25.739999771118164,0.0,0.0
346,2025-08-04 14:53:00-04:00,311,25.740100860595703,25.740100860595703,25.739999771118164,25.739999771118164,0.0,0.0
347,2025-08-04 14:56:00-04:00,100,25.739999771118164,25.739999771118164,25.739999771118164,25.739999771118164,0.0,0.0
348,2025-08-04 14:57:00-04:00,351,25.739999771118164,25.739999771118164,25.739999771118164,25.739999771118164,0.0,0.0
349,2025-08-04 15:01:00-04:00,200,25.760000228881836,25.760000228881836,25.739999771118164,25.739999771118164,0.0,0.0
350,2025-08-04 15:03:00-04:00,100,25.75,25.75,25.75,25.75,0.0,0.0
351,2025-08-04 15:04:00-04:00,208,25.760000228881836,25.760000228881836,25.760000228881836,25.760000228881836,0.0,0.0
352,2025-08-04 15:05:00-04:00,1141,25.75,25.75,25.739999771118164,25.739999771118164,0.0,0.0
353,2025-08-04 15:06:00-04:00,188,25.729999542236328,25.729999542236328,25.729999542236328,25.729999542236328,0.0,0.0
354,2025-08-04 15:08:00-04:00,5203,25.729999542236328,25.739999771118164,25.729999542236328,25.739999771118164,0.0,0.0
355,2025-08-04 15:10:00-04:00,320,25.739999771118164,25.739999771118164,25.739999771118164,25.739999771118164,0.0,0.0
356,2025-08-04 15:18:00-04:00,354,25.81999969482422,25.81999969482422,25.81999969482422,25.81999969482422,0.0,0.0
357,2025-08-04 15:19:00-04:00,166,25.780000686645508,25.780000686645508,25.780000686645508,25.780000686645508,0.0,0.0
358,2025-08-04 15:20:00-04:00,616,25.780000686645508,25.780000686645508,25.780000686645508,25.780000686645508,0.0,0.0
359,2025-08-04 15:29:00-04:00,521,25.75,25.75,25.75,25.75,0.0,0.0
360,2025-08-04 15:41:00-04:00,124,25.739999771118164,25.739999771118164,25.739999771118164,25.739999771118164,0.0,0.0
361,2025-08-04 15:45:00-04:00,244,25.780000686645508,25.780000686645508,25.780000686645508,25.780000686645508,0.0,0.0
362,2025-08-04 15:47:00-04:00,258,25.780000686645508,25.780000686645508,25.780000686645508,25.780000686645508,0.0,0.0
363,2025-08-04 15:54:00-04:00,623,25.770000457763672,25.770000457763672,25.75,25.75,0.0,0.0
364,2025-08-04 15:59:00-04:00,41776,25.780000686645508,25.780000686645508,25.780000686645508,25.780000686645508,0.0,0.0
365,2025-08-05 09:30:00-04:00,0,25.81999969482422,25.81999969482422,25.81999969482422,25.81999969482422,0.0,0.0
366,2025-08-05 09:39:00-04:00,182,25.81999969482422,25.81999969482422,25.81999969482422,25.81999969482422,0.0,0.0
367,2025-08-05 09:40:00-04:00,1400,25.829999923706055,25.829999923706055,25.829999923706055,25.829999923706055,0.0,0.0
368,2025-08-05 09:41:00-04:00,1820,25.829999923706055,25.829999923706055,25.81999969482422,25.81999969482422,0.0,0.0
369,2025-08-05 09:42:00-04:00,1767,25.81999969482422,25.84000015258789,25.81999969482422,25.84000015258789,0.0,0.0
370,2025-08-05 10:00:00-04:00,986,25.84000015258789,25.860000610351562,25.84000015258789,25.860000610351562,0.0,0.0
371,2025-08-05 10:01:00-04:00,178,25.850000381469727,25.850000381469727,25.850000381469727,25.850000381469727,0.0,0.0
372,2025-08-05 10:02:00-04:00,232,25.850000381469727,25.850000381469727,25.850000381469727,25.850000381469727,0.0,0.0
373,2025-08-05 10:04:00-04:00,100,25.850000381469727,25.850000381469727,25.850000381469727,25.850000381469727,0.0,0.0
374,2025-08-05 10:05:00-04:00,400,25.850000381469727,25.850000381469727,25.850000381469727,25.850000381469727,0.0,0.0
375,2025-08-05 10:08:00-04:00,599,25.850000381469727,25.850000381469727,25.84000015258789,25.84000015258789,0.0,0.0
376,2025-08-05 10:09:00-04:00,581,25.84000015258789,25.84000015258789,25.84000015258789,25.84000015258789,0.0,0.0
377,2025-08-05 10:13:00-04:00,271,25.899999618530273,25.899999618530273,25.84000015258789,25.84000015258789,0.0,0.0
378,2025-08-05 10:22:00-04:00,196,25.84000015258789,25.84000015258789,25.84000015258789,25.84000015258789,0.0,0.0
379,2025-08-05 10:45:00-04:00,10000,25.780000686645508,25.780000686645508,25.739999771118164,25.739999771118164,0.0,0.0
380,2025-08-05 10:46:00-04:00,300,25.739999771118164,25.739999771118164,25.739999771118164,25.739999771118164,0.0,0.0
381,2025-08-05 10:47:00-04:00,100,25.75,25.75,25.75,25.75,0.0,0.0
382,2025-08-05 10:56:00-04:00,4059,25.740100860595703,25.740100860595703,25.740100860595703,25.740100860595703,0.0,0.0
383,2025-08-05 11:01:00-04:00,668,25.740800857543945,25.740800857543945,25.740800857543945,25.740800857543945,0.0,0.0
384,2025-08-05 11:09:00-04:00,726,25.79010009765625,25.79010009765625,25.79010009765625,25.79010009765625,0.0,0.0
385,2025-08-05 11:10:00-04:00,1254,25.739999771118164,25.740100860595703,25.739999771118164,25.740100860595703,0.0,0.0
386,2025-08-05 11:11:00-04:00,597,25.829599380493164,25.829599380493164,25.827699661254883,25.827699661254883,0.0,0.0
387,2025-08-05 11:19:00-04:00,628,25.799999237060547,25.799999237060547,25.799999237060547,25.799999237060547,0.0,0.0
388,2025-08-05 11:20:00-04:00,1135,25.745800018310547,25.809999465942383,25.745800018310547,25.809999465942383,0.0,0.0
389,2025-08-05 11:29:00-04:00,160,25.78499984741211,25.78499984741211,25.78499984741211,25.78499984741211,0.0,0.0
390,2025-08-05 11:33:00-04:00,453,25.81999969482422,25.829999923706055,25.81999969482422,25.829999923706055,0.0,0.0
391,2025-08-05 11:52:00-04:00,100,25.790000915527344,25.790000915527344,25.790000915527344,25.790000915527344,0.0,0.0
392,2025-08-05 11:59:00-04:00,100,25.780000686645508,25.780000686645508,25.780000686645508,25.780000686645508,0.0,0.0
393,2025-08-05 12:01:00-04:00,100,25.780000686645508,25.780000686645508,25.780000686645508,25.780000686645508,0.0,0.0
394,2025-08-05 12:03:00-04:00,700,25.780000686645508,25.790000915527344,25.780000686645508,25.790000915527344,0.0,0.0
395,2025-08-05 12:05:00-04:00,100,25.770000457763672,25.770000457763672,25.770000457763672,25.770000457763672,0.0,0.0
396,2025-08-05 12:08:00-04:00,0,25.774999618530273,25.774999618530273,25.774999618530273,25.774999618530273,0.0,0.0
397,2025-08-05 12:09:00-04:00,35157,25.770000457763672,25.770000457763672,25.770000457763672,25.770000457763672,0.0,0.0
398,2025-08-05 12:11:00-04:00,1169,25.770000457763672,25.770099639892578,25.760099411010742,25.760099411010742,0.0,0.0
399,2025-08-05 12:12:00-04:00,963,25.770000457763672,25.78499984741211,25.770000457763672,25.78499984741211,0.0,0.0
400,2025-08-05 12:14:00-04:00,100,25.770000457763672,25.770000457763672,25.770000457763672,25.770000457763672,0.0,0.0
401,2025-08-05 12:16:00-04:00,100,25.760000228881836,25.760000228881836,25.760000228881836,25.760000228881836,0.0,0.0
402,2025-08-05 12:18:00-04:00,315,25.78499984741211,25.78499984741211,25.770000457763672,25.770000457763672,0.0,0.0
403,2025-08-05 12:21:00-04:00,100,25.770000457763672,25.770000457763672,25.770000457763672,25.770000457763672,0.0,0.0
404,2025-08-05 12:23:00-04:00,100,25.770000457763672,25.770000457763672,25.770000457763672,25.770000457763672,0.0,0.0
405,2025-08-05 12:26:00-04:00,100,25.770000457763672,25.770000457763672,25.770000457763672,25.770000457763672,0.0,0.0
406,2025-08-05 12:28:00-04:00,100,25.770000457763672,25.770000457763672,25.770000457763672,25.770000457763672,0.0,0.0
407,2025-08-05 12:31:00-04:00,105,25.770000457763672,25.770000457763672,25.770000457763672,25.770000457763672,0.0,0.0
408,2025-08-05 12:34:00-04:00,100,25.770000457763672,25.770000457763672,25.770000457763672,25.770000457763672,0.0,0.0
409,2025-08-05 12:36:00-04:00,131,25.760000228881836,25.760000228881836,25.760000228881836,25.760000228881836,0.0,0.0
410,2025-08-05 12:38:00-04:00,100,25.770000457763672,25.770000457763672,25.770000457763672,25.770000457763672,0.0,0.0
411,2025-08-05 12:40:00-04:00,700,25.78499984741211,25.799999237060547,25.78499984741211,25.799999237060547,0.0,0.0
412,2025-08-05 12:43:00-04:00,200,25.81999969482422,25.81999969482422,25.81999969482422,25.81999969482422,0.0,0.0
413,2025-08-05 12:48:00-04:00,418,25.82819938659668,25.829999923706055,25.81999969482422,25.81999969482422,0.0,0.0
414,2025-08-05 12:54:00-04:00,150,25.799999237060547,25.799999237060547,25.799999237060547,25.799999237060547,0.0,0.0
415,2025-08-05 12:56:00-04:00,324,25.799999237060547,25.799999237060547,25.799999237060547,25.799999237060547,0.0,0.0
416,2025-08-05 12:57:00-04:00,100,25.780000686645508,25.780000686645508,25.780000686645508,25.780000686645508,0.0,0.0
417,2025-08-05 13:00:00-04:00,100,25.780000686645508,25.780000686645508,25.780000686645508,25.780000686645508,0.0,0.0
418,2025-08-05 13:02:00-04:00,1114,25.780000686645508,25.799999237060547,25.780000686645508,25.799999237060547,0.0,0.0
419,2025-08-05 13:05:00-04:00,100,25.780000686645508,25.780000686645508,25.780000686645508,25.780000686645508,0.0,0.0
420,2025-08-05 13:07:00-04:00,100,25.780000686645508,25.780000686645508,25.780000686645508,25.780000686645508,0.0,0.0
421,2025-08-05 13:10:00-04:00,100,25.780000686645508,25.780000686645508,25.780000686645508,25.780000686645508,0.0,0.0
422,2025-08-05 13:13:00-04:00,100,25.780000686645508,25.780000686645508,25.780000686645508,25.780000686645508,0.0,0.0
423,2025-08-05 13:16:00-04:00,100,25.780000686645508,25.780000686645508,25.780000686645508,25.780000686645508,0.0,0.0
424,2025-08-05 13:19:00-04:00,276,25.780000686645508,25.780000686645508,25.780000686645508,25.780000686645508,0.0,0.0
425,2025-08-05 13:22:00-04:00,218,25.780000686645508,25.780000686645508,25.780000686645508,25.780000686645508,0.0,0.0
426,2025-08-05 13:25:00-04:00,200,25.760000228881836,25.760000228881836,25.760000228881836,25.760000228881836,0.0,0.0
427,2025-08-05 13:28:00-04:00,120,25.760000228881836,25.760000228881836,25.760000228881836,25.760000228881836,0.0,0.0
428,2025-08-05 13:33:00-04:00,240,25.760000228881836,25.760000228881836,25.760000228881836,25.760000228881836,0.0,0.0
429,2025-08-05 13:36:00-04:00,106,25.780000686645508,25.780000686645508,25.780000686645508,25.780000686645508,0.0,0.0
430,2025-08-05 13:38:00-04:00,100,25.760000228881836,25.760000228881836,25.760000228881836,25.760000228881836,0.0,0.0
431,2025-08-05 13:39:00-04:00,100,25.760000228881836,25.760000228881836,25.760000228881836,25.760000228881836,0.0,0.0
432,2025-08-05 13:42:00-04:00,200,25.760000228881836,25.760000228881836,25.760000228881836,25.760000228881836,0.0,0.0
433,2025-08-05 13:45:00-04:00,111,25.760000228881836,25.760000228881836,25.760000228881836,25.760000228881836,0.0,0.0
434,2025-08-05 13:47:00-04:00,100,25.760000228881836,25.760000228881836,25.760000228881836,25.760000228881836,0.0,0.0
435,2025-08-05 13:50:00-04:00,104,25.760000228881836,25.760000228881836,25.760000228881836,25.760000228881836,0.0,0.0
436,2025-08-05 13:53:00-04:00,100,25.760000228881836,25.760000228881836,25.760000228881836,25.760000228881836,0.0,0.0
437,2025-08-05 13:56:00-04:00,119,25.75,25.75,25.75,25.75,0.0,0.0
438,2025-08-05 13:58:00-04:00,100,25.75,25.75,25.75,25.75,0.0,0.0
439,2025-08-05 14:01:00-04:00,457,25.760000228881836,25.790000915527344,25.760000228881836,25.790000915527344,0.0,0.0
440,2025-08-05 14:03:00-04:00,200,25.790000915527344,25.790000915527344,25.790000915527344,25.790000915527344,0.0,0.0
441,2025-08-05 14:04:00-04:00,600,25.760000228881836,25.760000228881836,25.75,25.75,0.0,0.0
442,2025-08-05 14:07:00-04:00,115,25.739999771118164,25.739999771118164,25.739999771118164,25.739999771118164,0.0,0.0
443,2025-08-05 14:08:00-04:00,147,25.760000228881836,25.760000228881836,25.760000228881836,25.760000228881836,0.0,0.0
444,2025-08-05 14:09:00-04:00,100,25.739999771118164,25.739999771118164,25.739999771118164,25.739999771118164,0.0,0.0
445,2025-08-05 14:12:00-04:00,173,25.739999771118164,25.739999771118164,25.739999771118164,25.739999771118164,0.0,0.0
446,2025-08-05 14:15:00-04:00,406,25.760000228881836,25.760000228881836,25.739999771118164,25.739999771118164,0.0,0.0
447,2025-08-05 14:21:00-04:00,100,25.739999771118164,25.739999771118164,25.739999771118164,25.739999771118164,0.0,0.0
448,2025-08-05 14:24:00-04:00,115,25.739999771118164,25.739999771118164,25.739999771118164,25.739999771118164,0.0,0.0
449,2025-08-05 14:26:00-04:00,100,25.739999771118164,25.739999771118164,25.739999771118164,25.739999771118164,0.0,0.0
450,2025-08-05 14:28:00-04:00,136,25.739999771118164,25.739999771118164,25.739999771118164,25.739999771118164,0.0,0.0
451,2025-08-05 14:29:00-04:00,176,25.739999771118164,25.739999771118164,25.739999771118164,25.739999771118164,0.0,0.0
452,2025-08-05 14:31:00-04:00,400,25.790000915527344,25.790000915527344,25.790000915527344,25.790000915527344,0.0,0.0
453,2025-08-05 14:32:00-04:00,160,25.739999771118164,25.739999771118164,25.739999771118164,25.739999771118164,0.0,0.0
454,2025-08-05 14:35:00-04:00,127,25.739999771118164,25.739999771118164,25.739999771118164,25.739999771118164,0.0,0.0
455,2025-08-05 14:37:00-04:00,240,25.739999771118164,25.75,25.739999771118164,25.75,0.0,0.0
456,2025-08-05 14:40:00-04:00,282,25.739999771118164,25.739999771118164,25.739999771118164,25.739999771118164,0.0,0.0
457,2025-08-05 14:43:00-04:00,183,25.739999771118164,25.739999771118164,25.739999771118164,25.739999771118164,0.0,0.0
458,2025-08-05 14:46:00-04:00,144,25.739999771118164,25.739999771118164,25.739999771118164,25.739999771118164,0.0,0.0
459,2025-08-05 14:48:00-04:00,100,25.760000228881836,25.760000228881836,25.760000228881836,25.760000228881836,0.0,0.0
460,2025-08-05 14:51:00-04:00,1500,25.760000228881836,25.760000228881836,25.739999771118164,25.739999771118164,0.0,0.0
461,2025-08-05 14:52:00-04:00,100,25.739999771118164,25.739999771118164,25.739999771118164,25.739999771118164,0.0,0.0
462,2025-08-05 14:54:00-04:00,100,25.739999771118164,25.739999771118164,25.739999771118164,25.739999771118164,0.0,0.0
463,2025-08-05 14:56:00-04:00,100,25.739999771118164,25.739999771118164,25.739999771118164,25.739999771118164,0.0,0.0
464,2025-08-05 14:59:00-04:00,295,25.75,25.75,25.75,25.75,0.0,0.0
465,2025-08-05 15:01:00-04:00,100,25.75,25.75,25.75,25.75,0.0,0.0
466,2025-08-05 15:04:00-04:00,103,25.75,25.75,25.75,25.75,0.0,0.0
467,2025-08-05 15:06:00-04:00,100,25.75,25.75,25.75,25.75,0.0,0.0
468,2025-08-05 15:09:00-04:00,112,25.75,25.75,25.75,25.75,0.0,0.0
469,2025-08-05 15:10:00-04:00,185,25.75,25.75,25.75,25.75,0.0,0.0
470,2025-08-05 15:11:00-04:00,166,25.75,25.75,25.75,25.75,0.0,0.0
471,2025-08-05 15:13:00-04:00,100,25.75,25.75,25.75,25.75,0.0,0.0
472,2025-08-05 15:15:00-04:00,377,25.75,25.75,25.75,25.75,0.0,0.0
473,2025-08-05 15:18:00-04:00,100,25.75,25.75,25.75,25.75,0.0,0.0
474,2025-08-05 15:19:00-04:00,100,25.75,25.75,25.75,25.75,0.0,0.0
475,2025-08-05 15:20:00-04:00,100,25.75,25.75,25.75,25.75,0.0,0.0
476,2025-08-05 15:21:00-04:00,478,25.75,25.75,25.739999771118164,25.739999771118164,0.0,0.0
477,2025-08-05 15:24:00-04:00,100,25.739999771118164,25.739999771118164,25.739999771118164,25.739999771118164,0.0,0.0
478,2025-08-05 15:26:00-04:00,200,25.739999771118164,25.739999771118164,25.739999771118164,25.739999771118164,0.0,0.0
479,2025-08-05 15:27:00-04:00,293,25.739999771118164,25.739999771118164,25.739999771118164,25.739999771118164,0.0,0.0
480,2025-08-05 15:30:00-04:00,108,25.739999771118164,25.739999771118164,25.739999771118164,25.739999771118164,0.0,0.0
481,2025-08-05 15:32:00-04:00,100,25.739999771118164,25.739999771118164,25.739999771118164,25.739999771118164,0.0,0.0
482,2025-08-05 15:34:00-04:00,207,25.739999771118164,25.739999771118164,25.739999771118164,25.739999771118164,0.0,0.0
483,2025-08-05 15:35:00-04:00,100,25.739999771118164,25.739999771118164,25.739999771118164,25.739999771118164,0.0,0.0
484,2025-08-05 15:36:00-04:00,400,25.739999771118164,25.739999771118164,25.739999771118164,25.739999771118164,0.0,0.0
485,2025-08-05 15:37:00-04:00,585,25.739999771118164,25.75830078125,25.739999771118164,25.75830078125,0.0,0.0
486,2025-08-05 15:38:00-04:00,100,25.739999771118164,25.739999771118164,25.739999771118164,25.739999771118164,0.0,0.0
487,2025-08-05 15:39:00-04:00,384,25.739999771118164,25.739999771118164,25.739999771118164,25.739999771118164,0.0,0.0
488,2025-08-05 15:40:00-04:00,500,25.770000457763672,25.770000457763672,25.739999771118164,25.739999771118164,0.0,0.0
489,2025-08-05 15:42:00-04:00,116,25.739999771118164,25.739999771118164,25.739999771118164,25.739999771118164,0.0,0.0
490,2025-08-05 15:43:00-04:00,588,25.739999771118164,25.739999771118164,25.739999771118164,25.739999771118164,0.0,0.0
491,2025-08-05 15:44:00-04:00,505,25.739999771118164,25.739999771118164,25.739999771118164,25.739999771118164,0.0,0.0
492,2025-08-05 15:45:00-04:00,100,25.739999771118164,25.739999771118164,25.739999771118164,25.739999771118164,0.0,0.0
493,2025-08-05 15:46:00-04:00,137,25.739999771118164,25.739999771118164,25.739999771118164,25.739999771118164,0.0,0.0
494,2025-08-05 15:47:00-04:00,126,25.739999771118164,25.739999771118164,25.739999771118164,25.739999771118164,0.0,0.0
495,2025-08-05 15:48:00-04:00,108,25.739999771118164,25.739999771118164,25.739999771118164,25.739999771118164,0.0,0.0
496,2025-08-05 15:49:00-04:00,460,25.739999771118164,25.75,25.739999771118164,25.739999771118164,0.0,0.0
497,2025-08-05 15:50:00-04:00,167,25.75,25.75,25.75,25.75,0.0,0.0
498,2025-08-05 15:51:00-04:00,440,25.75,25.75,25.75,25.75,0.0,0.0
499,2025-08-05 15:52:00-04:00,3347,25.75,25.799999237060547,25.75,25.770000457763672,0.0,0.0
500,2025-08-05 15:54:00-04:00,324,25.739999771118164,25.739999771118164,25.739999771118164,25.739999771118164,0.0,0.0
501,2025-08-05 15:55:00-04:00,376,25.739999771118164,25.739999771118164,25.739999771118164,25.739999771118164,0.0,0.0
502,2025-08-05 15:56:00-04:00,608,25.739999771118164,25.739999771118164,25.739999771118164,25.739999771118164,0.0,0.0
503,2025-08-05 15:57:00-04:00,282,25.739999771118164,25.739999771118164,25.739999771118164,25.739999771118164,0.0,0.0
504,2025-08-05 15:58:00-04:00,2678,25.760000228881836,25.760000228881836,25.759899139404297,25.759899139404297,0.0,0.0
505,2025-08-06 09:30:00-04:00,0,25.809999465942383,25.809999465942383,25.799999237060547,25.799999237060547,0.0,0.0
506,2025-08-06 09:37:00-04:00,100,25.790000915527344,25.790000915527344,25.790000915527344,25.790000915527344,0.0,0.0
507,2025-08-06 09:39:00-04:00,393,25.799999237060547,25.799999237060547,25.790000915527344,25.790000915527344,0.0,0.0
508,2025-08-06 09:40:00-04:00,212,25.780000686645508,25.780000686645508,25.780000686645508,25.780000686645508,0.0,0.0
509,2025-08-06 09:45:00-04:00,378,25.790000915527344,25.790000915527344,25.790000915527344,25.790000915527344,0.0,0.0
510,2025-08-06 09:47:00-04:00,916,25.809999465942383,25.809999465942383,25.799999237060547,25.799999237060547,0.0,0.0
511,2025-08-06 09:53:00-04:00,329,25.809999465942383,25.809999465942383,25.809999465942383,25.809999465942383,0.0,0.0
512,2025-08-06 10:24:00-04:00,199,25.775400161743164,25.775400161743164,25.775400161743164,25.775400161743164,0.0,0.0
513,2025-08-06 10:26:00-04:00,1164,25.739999771118164,25.739999771118164,25.739999771118164,25.739999771118164,0.0,0.0
514,2025-08-06 10:30:00-04:00,820,25.75,25.75,25.75,25.75,0.0,0.0
515,2025-08-06 10:32:00-04:00,249,25.739999771118164,25.739999771118164,25.739999771118164,25.739999771118164,0.0,0.0
516,2025-08-06 10:36:00-04:00,400,25.764999389648438,25.764999389648438,25.764999389648438,25.764999389648438,0.0,0.0
517,2025-08-06 10:37:00-04:00,100,25.764999389648438,25.764999389648438,25.764999389648438,25.764999389648438,0.0,0.0
518,2025-08-06 10:38:00-04:00,200,25.788799285888672,25.788799285888672,25.788799285888672,25.788799285888672,0.0,0.0
519,2025-08-06 10:39:00-04:00,116,25.770000457763672,25.770000457763672,25.770000457763672,25.770000457763672,0.0,0.0
520,2025-08-06 10:43:00-04:00,212,25.78499984741211,25.78499984741211,25.78499984741211,25.78499984741211,0.0,0.0
521,2025-08-06 10:47:00-04:00,253,25.780000686645508,25.780000686645508,25.780000686645508,25.780000686645508,0.0,0.0
522,2025-08-06 11:07:00-04:00,295,25.799999237060547,25.799999237060547,25.799999237060547,25.799999237060547,0.0,0.0
523,2025-08-06 11:12:00-04:00,671,25.774999618530273,25.774999618530273,25.774999618530273,25.774999618530273,0.0,0.0
524,2025-08-06 11:25:00-04:00,221,25.79490089416504,25.79490089416504,25.79490089416504,25.79490089416504,0.0,0.0
525,2025-08-06 11:28:00-04:00,157,25.774999618530273,25.774999618530273,25.774999618530273,25.774999618530273,0.0,0.0
526,2025-08-06 11:34:00-04:00,140,25.780000686645508,25.780000686645508,25.780000686645508,25.780000686645508,0.0,0.0
527,2025-08-06 11:37:00-04:00,1000,25.776399612426758,25.776399612426758,25.776399612426758,25.776399612426758,0.0,0.0
528,2025-08-06 11:39:00-04:00,200,25.780000686645508,25.780000686645508,25.780000686645508,25.780000686645508,0.0,0.0
529,2025-08-06 11:40:00-04:00,436,25.770000457763672,25.770000457763672,25.770000457763672,25.770000457763672,0.0,0.0
530,2025-08-06 11:48:00-04:00,224,25.809999465942383,25.809999465942383,25.809999465942383,25.809999465942383,0.0,0.0
531,2025-08-06 11:55:00-04:00,628,25.809999465942383,25.809999465942383,25.770000457763672,25.770000457763672,0.0,0.0
532,2025-08-06 12:04:00-04:00,221,25.781999588012695,25.781999588012695,25.781999588012695,25.781999588012695,0.0,0.0
533,2025-08-06 12:10:00-04:00,468,25.77560043334961,25.77560043334961,25.770000457763672,25.770000457763672,0.0,0.0
534,2025-08-06 12:17:00-04:00,303,25.77560043334961,25.77560043334961,25.77560043334961,25.77560043334961,0.0,0.0
535,2025-08-06 12:43:00-04:00,1153,25.809999465942383,25.809999465942383,25.809999465942383,25.809999465942383,0.0,0.0
536,2025-08-06 12:55:00-04:00,592,25.790000915527344,25.790000915527344,25.790000915527344,25.790000915527344,0.0,0.0
537,2025-08-06 13:38:00-04:00,617,25.780000686645508,25.780000686645508,25.770000457763672,25.770000457763672,0.0,0.0
538,2025-08-06 13:48:00-04:00,2237,25.770000457763672,25.770000457763672,25.770000457763672,25.770000457763672,0.0,0.0
539,2025-08-06 14:07:00-04:00,1405,25.739999771118164,25.740100860595703,25.739999771118164,25.740100860595703,0.0,0.0
540,2025-08-06 14:08:00-04:00,200,25.739999771118164,25.739999771118164,25.739999771118164,25.739999771118164,0.0,0.0
541,2025-08-06 14:16:00-04:00,100,25.739999771118164,25.739999771118164,25.739999771118164,25.739999771118164,0.0,0.0
542,2025-08-06 14:24:00-04:00,1273,25.7450008392334,25.7450008392334,25.7450008392334,25.7450008392334,0.0,0.0
543,2025-08-06 14:27:00-04:00,100,25.739999771118164,25.739999771118164,25.739999771118164,25.739999771118164,0.0,0.0
544,2025-08-06 14:28:00-04:00,199,25.749900817871094,25.749900817871094,25.749900817871094,25.749900817871094,0.0,0.0
545,2025-08-06 14:32:00-04:00,1000,25.7450008392334,25.7450008392334,25.7450008392334,25.7450008392334,0.0,0.0
546,2025-08-06 14:33:00-04:00,221,25.7406005859375,25.7406005859375,25.7406005859375,25.7406005859375,0.0,0.0
547,2025-08-06 14:38:00-04:00,318,25.75,25.75,25.75,25.75,0.0,0.0
548,2025-08-06 15:13:00-04:00,2467,25.75,25.751100540161133,25.7450008392334,25.751100540161133,0.0,0.0
549,2025-08-06 15:14:00-04:00,153,25.744400024414062,25.744400024414062,25.744400024414062,25.744400024414062,0.0,0.0
550,2025-08-06 15:20:00-04:00,219,25.739999771118164,25.739999771118164,25.739999771118164,25.739999771118164,0.0,0.0
551,2025-08-06 15:21:00-04:00,151,25.740100860595703,25.740100860595703,25.740100860595703,25.740100860595703,0.0,0.0
552,2025-08-06 15:25:00-04:00,492,25.75749969482422,25.75749969482422,25.75749969482422,25.75749969482422,0.0,0.0
553,2025-08-06 15:35:00-04:00,218,25.729999542236328,25.729999542236328,25.729999542236328,25.729999542236328,0.0,0.0
554,2025-08-06 15:39:00-04:00,0,25.710100173950195,25.710100173950195,25.710100173950195,25.710100173950195,0.0,0.0
555,2025-08-06 15:45:00-04:00,26454,25.690099716186523,25.690099716186523,25.690099716186523,25.690099716186523,0.0,0.0
556,2025-08-06 15:53:00-04:00,1671,25.709999084472656,25.710100173950195,25.709999084472656,25.710100173950195,0.0,0.0
557,2025-08-06 15:58:00-04:00,366,25.709999084472656,25.709999084472656,25.709999084472656,25.709999084472656,0.0,0.0
558,2025-08-06 15:59:00-04:00,29739,25.760000228881836,25.760000228881836,25.68000030517578,25.760000228881836,0.0,0.0
559,2025-08-07 09:30:00-04:00,0,25.809999465942383,25.809999465942383,25.809999465942383,25.809999465942383,0.0,0.0
560,2025-08-07 09:36:00-04:00,1100,25.799999237060547,25.809999465942383,25.799999237060547,25.809999465942383,0.0,0.0
561,2025-08-07 09:37:00-04:00,220,25.81999969482422,25.81999969482422,25.81999969482422,25.81999969482422,0.0,0.0
562,2025-08-07 09:54:00-04:00,114,25.829999923706055,25.829999923706055,25.829999923706055,25.829999923706055,0.0,0.0
563,2025-08-07 10:04:00-04:00,572,25.829999923706055,25.829999923706055,25.829999923706055,25.829999923706055,0.0,0.0
564,2025-08-07 10:06:00-04:00,166,25.83009910583496,25.83009910583496,25.83009910583496,25.83009910583496,0.0,0.0
565,2025-08-07 10:07:00-04:00,100,25.829999923706055,25.829999923706055,25.829999923706055,25.829999923706055,0.0,0.0
566,2025-08-07 10:08:00-04:00,0,25.799999237060547,25.799999237060547,25.799999237060547,25.799999237060547,0.0,0.0
567,2025-08-07 10:24:00-04:00,4786,25.809999465942383,25.815000534057617,25.809999465942383,25.809999465942383,0.0,0.0
568,2025-08-07 10:25:00-04:00,100,25.809999465942383,25.809999465942383,25.809999465942383,25.809999465942383,0.0,0.0
569,2025-08-07 10:27:00-04:00,3101,25.809999465942383,25.809999465942383,25.760700225830078,25.760700225830078,0.0,0.0
570,2025-08-07 10:36:00-04:00,605,25.790000915527344,25.790000915527344,25.790000915527344,25.790000915527344,0.0,0.0
571,2025-08-07 11:14:00-04:00,1659,25.79439926147461,25.799999237060547,25.79439926147461,25.799999237060547,0.0,0.0
572,2025-08-07 11:20:00-04:00,6742,25.809999465942383,25.809999465942383,25.809999465942383,25.809999465942383,0.0,0.0
573,2025-08-07 11:29:00-04:00,130,25.79400062561035,25.79400062561035,25.79400062561035,25.79400062561035,0.0,0.0
574,2025-08-07 11:31:00-04:00,641,25.790000915527344,25.799999237060547,25.790000915527344,25.799999237060547,0.0,0.0
575,2025-08-07 11:33:00-04:00,2690,25.799999237060547,25.810100555419922,25.799999237060547,25.810100555419922,0.0,0.0
576,2025-08-07 11:37:00-04:00,2590,25.799999237060547,25.799999237060547,25.799999237060547,25.799999237060547,0.0,0.0
577,2025-08-07 11:42:00-04:00,653,25.799999237060547,25.799999237060547,25.799999237060547,25.799999237060547,0.0,0.0
578,2025-08-07 11:48:00-04:00,333,25.80500030517578,25.80500030517578,25.80500030517578,25.80500030517578,0.0,0.0
579,2025-08-07 11:58:00-04:00,4584,25.81999969482422,25.81999969482422,25.81999969482422,25.81999969482422,0.0,0.0
580,2025-08-07 12:00:00-04:00,573,25.81999969482422,25.81999969482422,25.81999969482422,25.81999969482422,0.0,0.0
581,2025-08-07 12:11:00-04:00,10178,25.809999465942383,25.889999389648438,25.809999465942383,25.84000015258789,0.0,0.0
582,2025-08-07 12:15:00-04:00,1014,25.865999221801758,25.889999389648438,25.865999221801758,25.889999389648438,0.0,0.0
583,2025-08-07 12:18:00-04:00,345,25.84000015258789,25.84000015258789,25.84000015258789,25.84000015258789,0.0,0.0
584,2025-08-07 12:40:00-04:00,1060,25.88450050354004,25.88450050354004,25.88450050354004,25.88450050354004,0.0,0.0
585,2025-08-07 13:02:00-04:00,514,25.775699615478516,25.81999969482422,25.775699615478516,25.81999969482422,0.0,0.0
586,2025-08-07 13:03:00-04:00,709,25.84670066833496,25.84670066833496,25.84670066833496,25.84670066833496,0.0,0.0
587,2025-08-07 13:16:00-04:00,1192,25.81999969482422,25.81999969482422,25.810199737548828,25.81999969482422,0.0,0.0
588,2025-08-07 13:17:00-04:00,1183,25.81999969482422,25.81999969482422,25.81999969482422,25.81999969482422,0.0,0.0
589,2025-08-07 13:29:00-04:00,292,25.81999969482422,25.81999969482422,25.81999969482422,25.81999969482422,0.0,0.0
590,2025-08-07 13:45:00-04:00,289,25.81999969482422,25.81999969482422,25.81999969482422,25.81999969482422,0.0,0.0
591,2025-08-07 14:02:00-04:00,1058,25.825300216674805,25.825300216674805,25.825300216674805,25.825300216674805,0.0,0.0
592,2025-08-07 14:10:00-04:00,386,25.815000534057617,25.815000534057617,25.815000534057617,25.815000534057617,0.0,0.0
593,2025-08-07 14:13:00-04:00,155,25.82069969177246,25.82069969177246,25.82069969177246,25.82069969177246,0.0,0.0
594,2025-08-07 14:16:00-04:00,1352,25.829999923706055,25.84000015258789,25.815000534057617,25.83989906311035,0.0,0.0
595,2025-08-07 14:30:00-04:00,500,25.80500030517578,25.80500030517578,25.80500030517578,25.80500030517578,0.0,0.0
596,2025-08-07 14:33:00-04:00,500,25.804500579833984,25.804500579833984,25.804500579833984,25.804500579833984,0.0,0.0
597,2025-08-07 14:35:00-04:00,2193,25.790000915527344,25.790199279785156,25.790000915527344,25.790199279785156,0.0,0.0
598,2025-08-07 15:23:00-04:00,713,25.78499984741211,25.78499984741211,25.78499984741211,25.78499984741211,0.0,0.0
599,2025-08-07 15:41:00-04:00,277,25.780000686645508,25.780000686645508,25.780000686645508,25.780000686645508,0.0,0.0
600,2025-08-07 15:45:00-04:00,521,25.774999618530273,25.774999618530273,25.774999618530273,25.774999618530273,0.0,0.0
601,2025-08-07 15:47:00-04:00,100,25.77750015258789,25.77750015258789,25.77750015258789,25.77750015258789,0.0,0.0
602,2025-08-07 15:54:00-04:00,163,25.760000228881836,25.760000228881836,25.760000228881836,25.760000228881836,0.0,0.0
603,2025-08-07 15:58:00-04:00,53981,25.780000686645508,25.780000686645508,25.780000686645508,25.780000686645508,0.0,0.0
604,2025-08-08 09:30:00-04:00,0,25.790000915527344,26.350000381469727,25.790000915527344,26.350000381469727,0.0,0.0
605,2025-08-08 09:43:00-04:00,100,25.790000915527344,25.790000915527344,25.790000915527344,25.790000915527344,0.0,0.0
606,2025-08-08 09:48:00-04:00,213,25.790000915527344,25.790000915527344,25.789899826049805,25.789899826049805,0.0,0.0
607,2025-08-08 09:52:00-04:00,0,25.790000915527344,25.790000915527344,25.790000915527344,25.790000915527344,0.0,0.0
608,2025-08-08 10:04:00-04:00,3471,25.790000915527344,25.790000915527344,25.790000915527344,25.790000915527344,0.0,0.0
609,2025-08-08 10:14:00-04:00,0,25.799999237060547,25.799999237060547,25.799999237060547,25.799999237060547,0.0,0.0
610,2025-08-08 10:34:00-04:00,7442,25.784000396728516,25.790000915527344,25.784000396728516,25.790000915527344,0.0,0.0
611,2025-08-08 10:53:00-04:00,1022,25.795000076293945,25.795000076293945,25.795000076293945,25.795000076293945,0.0,0.0
612,2025-08-08 10:59:00-04:00,367,25.780000686645508,25.780000686645508,25.770000457763672,25.780000686645508,0.0,0.0
613,2025-08-08 11:10:00-04:00,100,25.81999969482422,25.81999969482422,25.81999969482422,25.81999969482422,0.0,0.0
614,2025-08-08 11:11:00-04:00,200,25.809999465942383,25.809999465942383,25.809999465942383,25.809999465942383,0.0,0.0
615,2025-08-08 11:14:00-04:00,318,25.80500030517578,25.80500030517578,25.795000076293945,25.795000076293945,0.0,0.0
616,2025-08-08 11:20:00-04:00,282,25.81999969482422,25.81999969482422,25.81999969482422,25.81999969482422,0.0,0.0
617,2025-08-08 11:45:00-04:00,275,25.8080997467041,25.8080997467041,25.8080997467041,25.8080997467041,0.0,0.0
618,2025-08-08 11:54:00-04:00,1238,25.81999969482422,25.81999969482422,25.80500030517578,25.80500030517578,0.0,0.0
619,2025-08-08 11:55:00-04:00,256,25.816200256347656,25.816200256347656,25.816200256347656,25.816200256347656,0.0,0.0
620,2025-08-08 12:21:00-04:00,346,25.818700790405273,25.818700790405273,25.818700790405273,25.818700790405273,0.0,0.0
621,2025-08-08 12:35:00-04:00,322,25.81399917602539,25.81399917602539,25.81399917602539,25.81399917602539,0.0,0.0
622,2025-08-08 12:55:00-04:00,800,25.818599700927734,25.818599700927734,25.809999465942383,25.809999465942383,0.0,0.0
623,2025-08-08 13:01:00-04:00,409,25.799999237060547,25.799999237060547,25.799999237060547,25.799999237060547,0.0,0.0
624,2025-08-08 13:53:00-04:00,432,25.81999969482422,25.81999969482422,25.81999969482422,25.81999969482422,0.0,0.0
625,2025-08-08 14:09:00-04:00,201,25.800600051879883,25.800600051879883,25.800600051879883,25.800600051879883,0.0,0.0
626,2025-08-08 14:18:00-04:00,209,25.801599502563477,25.801599502563477,25.801599502563477,25.801599502563477,0.0,0.0
627,2025-08-08 14:30:00-04:00,112,25.809999465942383,25.809999465942383,25.809999465942383,25.809999465942383,0.0,0.0
628,2025-08-08 14:33:00-04:00,0,25.819900512695312,25.819900512695312,25.819900512695312,25.819900512695312,0.0,0.0
629,2025-08-08 14:39:00-04:00,16995,25.80030059814453,25.80030059814453,25.799999237060547,25.800199508666992,0.0,0.0
630,2025-08-08 14:47:00-04:00,1956,25.799999237060547,25.799999237060547,25.770000457763672,25.770000457763672,0.0,0.0
631,2025-08-08 14:52:00-04:00,2067,25.790000915527344,25.790000915527344,25.770000457763672,25.770000457763672,0.0,0.0
632,2025-08-08 15:06:00-04:00,711,25.770000457763672,25.770000457763672,25.770000457763672,25.770000457763672,0.0,0.0
633,2025-08-08 15:17:00-04:00,161,25.780000686645508,25.780000686645508,25.780000686645508,25.780000686645508,0.0,0.0
634,2025-08-08 15:19:00-04:00,286,25.790000915527344,25.790000915527344,25.790000915527344,25.790000915527344,0.0,0.0
635,2025-08-08 15:21:00-04:00,404,25.780000686645508,25.780000686645508,25.780000686645508,25.780000686645508,0.0,0.0
636,2025-08-08 15:26:00-04:00,329,25.770000457763672,25.770000457763672,25.770000457763672,25.770000457763672,0.0,0.0
637,2025-08-08 15:31:00-04:00,0,25.770000457763672,25.770000457763672,25.770000457763672,25.770000457763672,0.0,0.0
638,2025-08-08 15:40:00-04:00,1157,25.788400650024414,25.788400650024414,25.788400650024414,25.788400650024414,0.0,0.0
639,2025-08-08 15:47:00-04:00,0,25.757200241088867,25.757200241088867,25.757200241088867,25.757200241088867,0.0,0.0
